,author,date,link,push,title
0,nizhao,5/30,/bbs/e-shopping/M.1527645153.A.805.html,8,[情報] Mdovia Force S6無限吸塵器限時優惠價
1,irene129,5/24,/bbs/e-shopping/M.1527100159.A.D98.html,13,[情報] 上海雲翔發優惠券 首重16元很佛心
2,bibibib,5/22,/bbs/e-shopping/M.1526995864.A.ABA.html,6,[情報] ASOS 8折 折扣碼 EVERY20
3,in0719,5/21,/bbs/e-shopping/M.1526870819.A.5BC.html,36,[情報] 日本直送台灣免運費優惠活動
4,in0719,5/21,/bbs/e-shopping/M.1526870819.A.5BC.html,36,[情報] 日本直送台灣免運費優惠活動
5,hiphopla,5/21,/bbs/e-shopping/M.1526881988.A.443.html,,[情報] Qoo10美妝商品全面打折~! 還免國際運費!
6,samw,5/21,/bbs/e-shopping/M.1526912517.A.C8B.html,爆,[情報] zalora NewBalance特價免千元 到貨實拍
7,unben8230u,5/17,/bbs/e-shopping/M.1526542018.A.7F8.html,11,[情報] 天貓硅藻土地墊免運
8,jeanlu,5/17,/bbs/e-shopping/M.1526526746.A.525.html,,[情報] Stylenanda不限金額免運（僅限5/17）
9,handsomeeric,5/09,/bbs/e-shopping/M.1525846592.A.EF0.html,30,[情報] 迪卡儂網路商城$199免運
10,s90634,5/04,/bbs/e-shopping/M.1525409054.A.A22.html,2,[情報] friday購物母親節檔期優惠
11,wi22900,5/01,/bbs/e-shopping/M.1525138671.A.90B.html,36,[情報] GU 網路週年慶 超取免運+折扣碼
12,wi22900,5/01,/bbs/e-shopping/M.1525138671.A.90B.html,36,[情報] GU 網路週年慶 超取免運+折扣碼
